"country","povertyRate","pop2020"
"Turkmenistan","0.2000","6031.2000"
"China","0.6000","1439323.7760"
"Ukraine","1.3000","43733.7620"
"Kazakhstan","2.5000","18776.7070"
"Sri Lanka","4.1000","21413.2490"
"Morocco","4.8000","36910.5600"
"Algeria","5.5000","43851.0440"
"Malaysia","5.6000","32365.9990"
"Belarus","5.6000","9449.3230"
"Azerbaijan","6","10139.1770"
"Vietnam","6.7000","97338.5790"
"Bhutan","8.2000","771.6080"
"Maldives","8.2000","540.5440"
"Chile","8.6000","19116.2010"
"Uruguay","8.8000","3473.7300"
"Indonesia","9.8000","273523.6150"
"Thailand","9.9000","69799.9780"
"Czech Republic","10.1000","10708.9810"
"Iceland","10.1000","341.2430"
"Mauritius","10.3000","1271.7680"
"Iran","10.9000","83992.9490"
"Finland","11.6000","5540.7200"
"Slovenia","12","2078.9380"
"Canada","12.1000","37742.1540"
"Slovakia","12.2000","5459.6420"
"Hungary","12.3000","9660.3510"
"Australia","12.4000","25499.8840"
"Denmark","12.5000","5792.2020"
"Saudi Arabia","12.7000","34813.8710"
"Solomon Islands","12.7000","686.8840"
"Vanuatu","12.7000","307.1450"
"Russia","12.9000","145934.4620"
"Norway","12.9000","5421.2410"
"Netherlands","13.2000","17134.8720"
"Austria","13.3000","9006.3980"
"France","13.4000","65273.5110"
"Uzbekistan","14.1000","33469.2030"
"Albania","14.3000","2877.7970"
"Turkey","14.4000","84339.0670"
"Switzerland","14.6000","8654.6220"
"Cyprus","14.7000","1207.3590"
"Ireland","14.9000","4937.7860"
"Tunisia","15.2000","11818.6190"
"Poland","15.4000","37846.6110"
"Japan","15.7000","126476.4610"
"Jordan","15.7000","10203.1340"
"Germany","16","83783.9420"
"Belgium","16.4000","11589.6230"
"Israel","16.9000","8655.5350"
"Bosnia and Herzegovina","16.9000","3280.8190"
"Sweden","17.1000","10099.2650"
"Malta","17.1000","441.5430"
"Portugal","17.2000","10196.7090"
"South Korea","17.4000","51269.1850"
"Namibia","17.4000","2540.9050"
"Cambodia","17.7000","16718.9650"
"United States","17.8000","331002.6510"
"Greece","17.9000","10423.0540"
"Laos","18.3000","7275.5600"
"Croatia","18.3000","4105.2670"
"Luxembourg","18.3000","625.9780"
"United Kingdom","18.6000","67886.0110"
"Iraq","18.9000","40222.4930"
"Botswana","19.3000","2351.6270"
"Georgia","19.5000","3989.1670"
"Brazil","19.9000","212559.4170"
"Jamaica","19.9000","2961.1670"
"Peru","20.2000","32971.8540"
"Italy","20.3000","60461.8260"
"Samoa","20.3000","198.4140"
"Hong Kong","20.4000","7496.9810"
"Lithuania","20.6000","2722.2890"
"Spain","20.7000","46754.7780"
"Dominican Republic","21","10847.9100"
"Costa Rica","21","5094.1180"
"Djibouti","21.1000","988"
"Uganda","21.4000","45741.0070"
"Philippines","21.6000","109581.0780"
"Estonia","21.7000","1326.5350"
"Kiribati","21.8000","119.4490"
"India","21.9000","1380004.3850"
"Panama","22.1000","4314.7670"
"Kyrgyzstan","22.4000","6524.1950"
"Tonga","22.5000","105.6950"
"Bulgaria","22.6000","6948.4450"
"El Salvador","22.8000","6486.2050"
"Latvia","22.9000","1886.1980"
"Moldova","23","4033.9630"
"Ghana","23.4000","31072.9400"
"Ethiopia","23.5000","114963.5880"
"Armenia","23.5000","2963.2430"
"Montenegro","23.6000","628.0660"
"Romania","23.8000","19237.6910"
"Paraguay","24.2000","7132.5380"
"Pakistan","24.3000","220892.3400"
"Bangladesh","24.3000","164689.3830"
"Serbia","24.3000","8737.3710"
"Myanmar","24.8000","54409.8000"
"Nicaragua","24.9000","6624.5540"
"Palau","24.9000","18.0940"
"Ecuador","25","17643.0540"
"Saint Lucia","25","183.6270"
"Nepal","25.2000","29136.8080"
"Tajikistan","26.3000","9537.6450"
"Tuvalu","26.3000","11.7920"
"Tanzania","26.4000","59734.2180"
"Colombia","27","50882.8910"
"Lebanon","27.4000","6825.4450"
"Mongolia","28.4000","3278.2900"
"Palestine","29.2000","5101.4140"
"Mauritania","31","4649.6580"
"Grenada","32","112.5230"
"Angola","32.3000","32866.2720"
"Egypt","32.5000","102334.4040"
"Venezuela","33.1000","28435.9400"
"Gabon","33.4000","2225.7340"
"Fiji","34","896.4450"
"Bolivia","34.6000","11673.0210"
"Guyana","35","786.5520"
"Syria","35.2000","17500.6580"
"Argentina","35.5000","45195.7740"
"Kenya","36.1000","53771.2960"
"Cameroon","37.5000","26545.8630"
"Rwanda","38.2000","12952.2180"
"Zimbabwe","38.3000","14862.9240"
"Benin","38.5000","12123.2000"
"Seychelles","39.3000","98.3470"
"Ivory Coast","39.5000","26378.2740"
"Papua New Guinea","39.9000","8947.0240"
"Nigeria","40.1000","206139.5890"
"Belize","41.3000","397.6280"
"Burkina Faso","41.4000","20903.2730"
"Timor-Leste","41.8000","1318.4450"
"Mexico","41.9000","128932.7530"
"Mali","42.1000","20250.8330"
"Chad","42.3000","16425.8640"
"Comoros","42.4000","869.6010"
"Guinea","43.7000","13132.7950"
"Mozambique","46.1000","31255.4350"
"Sudan","46.5000","43849.2600"
"Senegal","46.7000","16743.9270"
"Honduras","48.3000","9904.6070"
"Yemen","48.6000","29825.9640"
"Gambia","48.6000","2416.6680"
"Lesotho","49.7000","2142.2490"
"Liberia","50.9000","5057.6810"
"Malawi","51.5000","19129.9520"
"Zambia","54.4000","18383.9550"
"Afghanistan","54.5000","38928.3460"
"Togo","55.1000","8278.7240"
"South Africa","55.5000","59308.6900"
"Sierra Leone","56.8000","7976.9830"
"Haiti","58.5000","11402.5280"
"Guatemala","59.3000","17915.5680"
"Central African Republic","62","4829.7670"
"Burundi","64.9000","11890.7840"
"Sao Tome and Principe","66.7000","219.1590"
"Eritrea","69","3546.4210"
"Guinea-Bissau","69.3000","1968.0010"
"Madagascar","70.7000","27691.0180"
"Equatorial Guinea","76.8000","1402.9850"
"South Sudan","82.3000","11193.7250"